"año";"jurisdicción";"unidad";"superficie_total_incendiada";"superficie_afectada_por_incendios_bosque_nativo"
"1993";"Buenos Aires";"hectáreas";" -   ";" -   "
"1993";"Catamarca";"hectáreas";" -   ";" -   "
"1993";"Chaco";"hectáreas";" -   ";" -   "
"1993";"Chubut";"hectáreas";"149.5";"10"
"1993";"Córdoba";"hectáreas";"232941";"59995"
"1993";"Corrientes";"hectáreas";"1727";" -   "
"1993";"Entre Ríos";"hectáreas";"75";"75"
"1993";"Formosa";"hectáreas";"31";" -   "
"1993";"Jujuy";"hectáreas";" -   ";" -   "
"1993";"La Pampa";"hectáreas";"1207510";"1207510"
"1993";"La Rioja";"hectáreas";" -   ";" -   "
"1993";"Mendoza";"hectáreas";" -   ";" -   "
"1993";"Misiones";"hectáreas";" -   ";" -   "
"1993";"Neuquén";"hectáreas";"340.85";"282.31"
"1993";"Río Negro";"hectáreas";"111";"108"
"1993";"Salta";"hectáreas";" -   ";" -   "
"1993";"San Juan";"hectáreas";" -   ";" -   "
"1993";"San Luis";"hectáreas";"330147";" -   "
"1993";"Santa Cruz";"hectáreas";"6351";"727"
"1993";"Santa Fe";"hectáreas";" -   ";" -   "
"1993";"Santiago del Estero";"hectáreas";"13000";"9100"
"1993";"Tierra del Fuego";"hectáreas";"28.05";"28.05"
"1993";"Tucumán";"hectáreas";"4412";"3703"
"1994";"Buenos Aires";"hectáreas";" -   ";" -   "
"1994";"Catamarca";"hectáreas";" -   ";" -   "
"1994";"Chaco";"hectáreas";" -   ";" -   "
"1994";"Chubut";"hectáreas";"3296.75";"2157.75"
"1994";"Córdoba";"hectáreas";"240196";"187812"
"1994";"Corrientes";"hectáreas";"140";" -   "
"1994";"Entre Ríos";"hectáreas";"91";"91"
"1994";"Formosa";"hectáreas";"9";" -   "
"1994";"Jujuy";"hectáreas";" -   ";" -   "
"1994";"La Pampa";"hectáreas";"621840";"167890"
"1994";"La Rioja";"hectáreas";"47150";"10600"
"1994";"Mendoza";"hectáreas";" -   ";" -   "
"1994";"Misiones";"hectáreas";" -   ";" -   "
"1994";"Neuquén";"hectáreas";"18050.26";"0.18"
"1994";"Río Negro";"hectáreas";"3271";"3063"
"1994";"Salta";"hectáreas";" -   ";" -   "
"1994";"San Juan";"hectáreas";" -   ";" -   "
"1994";"San Luis";"hectáreas";"25513";" -   "
"1994";"Santa Cruz";"hectáreas";"1684";"43"
"1994";"Santa Fe";"hectáreas";" -   ";" -   "
"1994";"Santiago del Estero";"hectáreas";"50000";"35000"
"1994";"Tierra del Fuego";"hectáreas";"320.04";"68.04"
"1994";"Tucumán";"hectáreas";"65";" -   "
"1995";"Buenos Aires";"hectáreas";"3000";" -   "
"1995";"Catamarca";"hectáreas";" -   ";" -   "
"1995";"Chaco";"hectáreas";" -   ";" -   "
"1995";"Chubut";"hectáreas";"3072.81";"982.95"
"1995";"Córdoba";"hectáreas";"300639";"122260"
"1995";"Corrientes";"hectáreas";"7899";" -   "
"1995";"Entre Ríos";"hectáreas";"2269";" -   "
"1995";"Formosa";"hectáreas";"500";"500"
"1995";"Jujuy";"hectáreas";" -   ";" -   "
"1995";"La Pampa";"hectáreas";"148720";"148720"
"1995";"La Rioja";"hectáreas";"4514";"2"
"1995";"Mendoza";"hectáreas";" -   ";" -   "
"1995";"Misiones";"hectáreas";" -   ";" -   "
"1995";"Neuquén";"hectáreas";"20354.12";"1124.99"
"1995";"Río Negro";"hectáreas";"9732.3";"123.2"
"1995";"Salta";"hectáreas";"660";"255"
"1995";"San Juan";"hectáreas";" -   ";" -   "
"1995";"San Luis";"hectáreas";"196312";"75311"
"1995";"Santa Cruz";"hectáreas";"5695";" -   "
"1995";"Santa Fe";"hectáreas";" -   ";" -   "
"1995";"Santiago del Estero";"hectáreas";"27294";"13919"
"1995";"Tierra del Fuego";"hectáreas";"215.95";"2.95"
"1995";"Tucumán";"hectáreas";"68.54";"22.77"
"1996";"Buenos Aires";"hectáreas";"950";" -   "
"1996";"Catamarca";"hectáreas";"148709";"68728"
"1996";"Chaco";"hectáreas";"6183.76";"2540"
"1996";"Chubut";"hectáreas";"11457.23";"9640.36"
"1996";"Córdoba";"hectáreas";"49812";"43325"
"1996";"Corrientes";"hectáreas";"6981";" -   "
"1996";"Entre Ríos";"hectáreas";"1556";"449"
"1996";"Formosa";"hectáreas";"4530";" -   "
"1996";"Jujuy";"hectáreas";"1980";"1800"
"1996";"La Pampa";"hectáreas";"20600";"20600"
"1996";"La Rioja";"hectáreas";"975";"770"
"1996";"Mendoza";"hectáreas";"6615";"2500"
"1996";"Misiones";"hectáreas";"5305";"2430"
"1996";"Neuquén";"hectáreas";"70258.33";"9.84"
"1996";"Río Negro";"hectáreas";"33743.49";"3336.94"
"1996";"Salta";"hectáreas";"2391";"815"
"1996";"San Luis";"hectáreas";"15370";"15370"
"1996";"Santa Cruz";"hectáreas";"2856.25";"39"
"1996";"Santa Fe";"hectáreas";"49038";"465"
"1996";"Santiago del Estero";"hectáreas";"1750";"1500"
"1996";"Tierra del Fuego";"hectáreas";"105.11";"93.1"
"1996";"Tucumán";"hectáreas";"31.5";" -   "
"1997";"Buenos Aires";"hectáreas";"3902.25";"489"
"1997";"Catamarca";"hectáreas";"45900";" -   "
"1997";"Chaco";"hectáreas";"7660";"2711"
"1997";"Chubut";"hectáreas";"3621.94";"151.29"
"1997";"Córdoba";"hectáreas";"39517";"22213"
"1997";"Corrientes";"hectáreas";"424";"58"
"1997";"Entre Ríos";"hectáreas";"857";"163"
"1997";"Formosa";"hectáreas";"2686";" -   "
"1997";"Jujuy";"hectáreas";"274";" -   "
"1997";"La Pampa";"hectáreas";"31780";"31770"
"1997";"La Rioja";"hectáreas";"25003";" -   "
"1997";"Mendoza";"hectáreas";"4100";"2450"
"1997";"Misiones";"hectáreas";"2160";"54"
"1997";"Neuquén";"hectáreas";"17280.38";"40.14"
"1997";"Río Negro";"hectáreas";"10481.53";"5153.79"
"1997";"Salta";"hectáreas";"40185";"23694"
"1997";"San Juan";"hectáreas";"438.5";" -   "
"1997";"San Luis";"hectáreas";"6436";"2112"
"1997";"Santa Cruz";"hectáreas";"21381";" -   "
"1997";"Santa Fe";"hectáreas";"492";"40"
"1997";"Santiago del Estero";"hectáreas";"8000";"500"
"1997";"Tierra del Fuego";"hectáreas";"148.08";"23"
"1997";"Tucumán";"hectáreas";"1321";" -   "
"1998";"Buenos Aires";"hectáreas";"38970.5";"401"
"1998";"Catamarca";"hectáreas";"2100";"500"
"1998";"Chaco";"hectáreas";"14726.26";" -   "
"1998";"Chubut";"hectáreas";"7671.88";"4045.19"
"1998";"Córdoba";"hectáreas";"20504";"8817"
"1998";"Corrientes";"hectáreas";"315";" -   "
"1998";"Entre Ríos";"hectáreas";"461";"8"
"1998";"Formosa";"hectáreas";"711.16";" -   "
"1998";"Jujuy";"hectáreas";"498.61";"449"
"1998";"La Pampa";"hectáreas";"389740";"137265"
"1998";"La Rioja";"hectáreas";"21012";"1802"
"1998";"Mendoza";"hectáreas";"111460";"12403"
"1998";"Misiones";"hectáreas";"5514";"286"
"1998";"Neuquén";"hectáreas";"12392.83";"68.05"
"1998";"Río Negro";"hectáreas";"82698.98";"9384.01"
"1998";"Salta";"hectáreas";"23042";"14024"
"1998";"San Juan";"hectáreas";"263.5";" -   "
"1998";"San Luis";"hectáreas";"146637";"87015"
"1998";"Santa Cruz";"hectáreas";"3483";" -   "
"1998";"Santa Fe";"hectáreas";"534.75";" -   "
"1998";"Santiago del Estero";"hectáreas";"2709";"940"
"1998";"Tierra del Fuego";"hectáreas";"533.74";"53.06"
"1999";"Buenos Aires";"hectáreas";"41574";"1028"
"1999";"Catamarca";"hectáreas";"1300";" -   "
"1999";"Chaco";"hectáreas";"9381.47";"406"
"1999";"Chubut";"hectáreas";"27437.74";"8903.63"
"1999";"Córdoba";"hectáreas";"59933";"22306"
"1999";"Corrientes";"hectáreas";"8176";"12"
"1999";"Entre Ríos";"hectáreas";"20236.5";"7118"
"1999";"Formosa";"hectáreas";"6240";" -   "
"1999";"Jujuy";"hectáreas";"329";"43"
"1999";"La Pampa";"hectáreas";"77270";"34830"
"1999";"La Rioja";"hectáreas";"67025";"3"
"1999";"Mendoza";"hectáreas";"67238.5";"26246.5"
"1999";"Misiones";"hectáreas";"3675";"1476"
"1999";"Neuquén";"hectáreas";"128756.19";"322.66"
"1999";"Río Negro";"hectáreas";"59385.11";"10870.8"
"1999";"Salta";"hectáreas";"14835";"5865"
"1999";"San Juan";"hectáreas";"1083.75";" -   "
"1999";"San Luis";"hectáreas";"87157";"34729"
"1999";"Santa Cruz";"hectáreas";"19097.75";"16.25"
"1999";"Santa Fe";"hectáreas";"363.79";"44"
"1999";"Santiago del Estero";"hectáreas";"1200";"300"
"1999";"Tierra del Fuego";"hectáreas";"213.81";"88.83"
"1999";"Tucumán";"hectáreas";"2818";" -   "
"2000";"Buenos Aires";"hectáreas";"17926.5";"1116"
"2000";"Catamarca";"hectáreas";"77233";"27000"
"2000";"Chaco";"hectáreas";"2639.05";"169"
"2000";"Chubut";"hectáreas";"133.6";"26.88"
"2000";"Ciudad Autónoma de Buenos Aires";"hectáreas";"32";"1.5"
"2000";"Córdoba";"hectáreas";"89920";"20637.95"
"2000";"Corrientes";"hectáreas";"6014.2";"12"
"2000";"Entre Ríos";"hectáreas";"1175";"646"
"2000";"Formosa";"hectáreas";"731.5";" -   "
"2000";"Jujuy";"hectáreas";"1167";"18"
"2000";"La Pampa";"hectáreas";"1411981.4";"290153.7"
"2000";"La Rioja";"hectáreas";"52178";"10880"
"2000";"Mendoza";"hectáreas";"609834";"385778.9"
"2000";"Misiones";"hectáreas";"3862.47";"161"
"2000";"Neuquén";"hectáreas";"15180.51";"0.04"
"2000";"Río Negro";"hectáreas";"155753.09";"27619.02"
"2000";"Salta";"hectáreas";"30793";"15533"
"2000";"San Juan";"hectáreas";"803.5";" -   "
"2000";"San Luis";"hectáreas";"299556";"149100"
"2000";"Santa Cruz";"hectáreas";"7378.25";"122.25"
"2000";"Santa Fe";"hectáreas";"2087";"127.5"
"2000";"Santiago del Estero";"hectáreas";"4732";"2730"
"2000";"Tierra del Fuego";"hectáreas";"22.41";"22.31"
"2000";"Tucumán";"hectáreas";"15800";"11800"
"2001";"Buenos Aires";"hectáreas";"75569.87";"19997.57"
"2001";"Catamarca";"hectáreas";"1916";" -   "
"2001";"Chaco";"hectáreas";"6289.18";"55.05"
"2001";"Chubut";"hectáreas";"5885.48";"4425.41"
"2001";"Ciudad Autónoma de Buenos Aires";"hectáreas";"15.95";" -   "
"2001";"Córdoba";"hectáreas";"83173";"19234"
"2001";"Corrientes";"hectáreas";"2824";"762"
"2001";"Entre Ríos";"hectáreas";"480.7";"67"
"2001";"Formosa";"hectáreas";"5596";" -   "
"2001";"Jujuy";"hectáreas";"134.3";" -   "
"2001";"La Pampa";"hectáreas";"2913817";"579124"
"2001";"La Rioja";"hectáreas";"65038";"7400"
"2001";"Mendoza";"hectáreas";"420340";"241056"
"2001";"Misiones";"hectáreas";"2923.5";"156"
"2001";"Neuquén";"hectáreas";"22551.78";"0.08"
"2001";"Río Negro";"hectáreas";"938044.58";"35393.25"
"2001";"Salta";"hectáreas";"47611";"11442"
"2001";"San Juan";"hectáreas";"574.5";"1"
"2001";"San Luis";"hectáreas";"90105";"54655"
"2001";"Santa Cruz";"hectáreas";"4704.75";"500.5"
"2001";"Santa Fe";"hectáreas";"2399";"7"
"2001";"Santiago del Estero";"hectáreas";"1382";"1140"
"2001";"Tierra del Fuego";"hectáreas";"57.1";"56.84"
"2001";"Tucumán";"hectáreas";"600";" -   "
"2002";"Buenos Aires";"hectáreas";"104906.82";"31432.89"
"2002";"Catamarca";"hectáreas";"43524.77";"9097"
"2002";"Chaco";"hectáreas";"144.97";"1.11"
"2002";"Chubut";"hectáreas";"7640.76";"155.66"
"2002";"Córdoba";"hectáreas";"104773";"25734"
"2002";"Corrientes";"hectáreas";"4025";"1046"
"2002";"Entre Ríos";"hectáreas";"496";"236"
"2002";"Formosa";"hectáreas";"9687";"4"
"2002";"Jujuy";"hectáreas";"139.5";"14"
"2002";"La Pampa";"hectáreas";"985793";"304458"
"2002";"La Rioja";"hectáreas";"78422";"40447"
"2002";"Mendoza";"hectáreas";"333429.5";"90001.91"
"2002";"Misiones";"hectáreas";"575.23";"49.3"
"2002";"Neuquén";"hectáreas";"8440.09";"939.98"
"2002";"Río Negro";"hectáreas";"333616.78";"80875.63"
"2002";"Salta";"hectáreas";"36516";"9682"
"2002";"San Juan";"hectáreas";"984";"14.25"
"2002";"San Luis";"hectáreas";"178112";"178102"
"2002";"Santa Cruz";"hectáreas";"9865";"4022"
"2002";"Santa Fe";"hectáreas";"2544.75";"428.77"
"2002";"Santiago del Estero";"hectáreas";"8017.7";"5774.2"
"2002";"Tierra del Fuego";"hectáreas";"23.12";"19.04"
"2002";"Tucumán";"hectáreas";"1048.5";"85"
"2003";"Buenos Aires";"hectáreas";"569735.82";"19535.65"
"2003";"Catamarca";"hectáreas";"11080";"6880"
"2003";"Chaco";"hectáreas";"16978.4";"1549"
"2003";"Chubut";"hectáreas";"44659.45";"41.15"
"2003";"Ciudad Autónoma de Buenos Aires";"hectáreas";"14";" -   "
"2003";"Córdoba";"hectáreas";"127545";"51474"
"2003";"Corrientes";"hectáreas";"2132";"1109"
"2003";"Entre Ríos";"hectáreas";"1381";"399.5"
"2003";"Formosa";"hectáreas";"7585.6";"401.6"
"2003";"Jujuy";"hectáreas";"258.8";"19.5"
"2003";"La Pampa";"hectáreas";"853921";"418363"
"2003";"La Rioja";"hectáreas";"125968";"99233"
"2003";"Mendoza";"hectáreas";"612387.4";"115423.1"
"2003";"Misiones";"hectáreas";"4381.07";"4.5"
"2003";"Neuquén";"hectáreas";"17908.22";"110.66"
"2003";"Río Negro";"hectáreas";"448243.66";"48349.95"
"2003";"Salta";"hectáreas";"54857";"10660"
"2003";"San Juan";"hectáreas";"2658.5";" -   "
"2003";"San Luis";"hectáreas";"217720";"217720"
"2003";"Santa Cruz";"hectáreas";"15494.25";"10145"
"2003";"Santa Fe";"hectáreas";"4421";"1255.5"
"2003";"Santiago del Estero";"hectáreas";"3474.1";"1933"
"2003";"Tierra del Fuego";"hectáreas";"0.31";"0.23"
"2003";"Tucumán";"hectáreas";"3563";"351"
"2004";"Buenos Aires";"hectáreas";"23706.41";"1537.9"
"2004";"Catamarca";"hectáreas";"2174.5";"1"
"2004";"Chaco";"hectáreas";"5257.4";"427.5"
"2004";"Chubut";"hectáreas";"2459.11";"637.25"
"2004";"Ciudad Autónoma de Buenos Aires";"hectáreas";"45";"0.25"
"2004";"Córdoba";"hectáreas";"11473";"4600"
"2004";"Corrientes";"hectáreas";"5159";" -   "
"2004";"Entre Ríos";"hectáreas";"4133.12";"634.9"
"2004";"Formosa";"hectáreas";"2095";" -   "
"2004";"Jujuy";"hectáreas";"9796";"1171"
"2004";"La Pampa";"hectáreas";"239677.85";"17875"
"2004";"La Rioja";"hectáreas";"18231";"9400"
"2004";"Mendoza";"hectáreas";"59759";"15766"
"2004";"Misiones";"hectáreas";"2416.85";"15"
"2004";"Neuquén";"hectáreas";"25379.84";"422.28"
"2004";"Río Negro";"hectáreas";"40424.77";"6287.66"
"2004";"Salta";"hectáreas";"64675";"11363"
"2004";"San Juan";"hectáreas";"855.5";" -   "
"2004";"Santa Cruz";"hectáreas";"6450.75";"142.25"
"2004";"Santa Fe";"hectáreas";"27430";"1378"
"2004";"Santiago del Estero";"hectáreas";"7180";"4300"
"2004";"Tierra del Fuego";"hectáreas";"25.7";"21.03"
"2004";"Tucumán";"hectáreas";"968.2";"104.4"
"2005";"Buenos Aires";"hectáreas";"39798.59";"4170.82"
"2005";"Catamarca";"hectáreas";"31057.5";" -   "
"2005";"Chaco";"hectáreas";"5143.26";"335"
"2005";"Chubut";"hectáreas";"5392.07";"998.77"
"2005";"Ciudad Autónoma de Buenos Aires";"hectáreas";"28";" -   "
"2005";"Córdoba";"hectáreas";"16910";"3866"
"2005";"Corrientes";"hectáreas";"56594.9";" -   "
"2005";"Entre Ríos";"hectáreas";"2713.9";"145.7"
"2005";"Formosa";"hectáreas";"7943";" -   "
"2005";"Jujuy";"hectáreas";"3655.44";"850"
"2005";"La Pampa";"hectáreas";"313526";"58290"
"2005";"La Rioja";"hectáreas";"680";"639"
"2005";"Mendoza";"hectáreas";"64985.5";"6360.9"
"2005";"Misiones";"hectáreas";"8966";"1526.5"
"2005";"Neuquén";"hectáreas";"22962.47";"214.19"
"2005";"Río Negro";"hectáreas";"303278.85";"92277.23"
"2005";"Salta";"hectáreas";"61778";"10876"
"2005";"San Juan";"hectáreas";"995.75";" -   "
"2005";"San Luis";"hectáreas";"22562.2";"22314"
"2005";"Santa Cruz";"hectáreas";"9398.12";"57.2"
"2005";"Santa Fe";"hectáreas";"1911";"15"
"2005";"Santiago del Estero";"hectáreas";"8000";"3300"
"2005";"Tierra del Fuego";"hectáreas";"17.3";"8.92"
"2005";"Tucumán";"hectáreas";"2951";" -   "
"2006";"Buenos Aires";"hectáreas";"168086.24";"648.82"
"2006";"Catamarca";"hectáreas";"4856";"0.5"
"2006";"Chaco";"hectáreas";"37606.18";"15943.5"
"2006";"Chubut";"hectáreas";"330.72";"74.54"
"2006";"Córdoba";"hectáreas";"61769";"23498"
"2006";"Corrientes";"hectáreas";"7370";" -   "
"2006";"Entre Ríos";"hectáreas";"4804.9";"344.9"
"2006";"Formosa";"hectáreas";"1691";" -   "
"2006";"Jujuy";"hectáreas";"5875.44";"31.44"
"2006";"La Pampa";"hectáreas";"137390";"34170"
"2006";"La Rioja";"hectáreas";"7678";"7500"
"2006";"Mendoza";"hectáreas";"60499.8";"4906"
"2006";"Misiones";"hectáreas";"2955.71";"23.5"
"2006";"Neuquén";"hectáreas";"7664.52";"600.22"
"2006";"Río Negro";"hectáreas";"141791.43";"14222.13"
"2006";"Salta";"hectáreas";"41162.5";"8060"
"2006";"San Juan";"hectáreas";"656";" -   "
"2006";"San Luis";"hectáreas";"20832";"8440"
"2006";"Santa Cruz";"hectáreas";"3125.52";"1.5"
"2006";"Santa Fe";"hectáreas";"3047";"100"
"2006";"Santiago del Estero";"hectáreas";"15000";"12300"
"2006";"Tierra del Fuego";"hectáreas";"0.76";"0.4"
"2006";"Tucumán";"hectáreas";"2146.8";" -   "
"2007";"Buenos Aires";"hectáreas";"19106.48";"1392.15"
"2007";"Catamarca";"hectáreas";"24754.6";" -   "
"2007";"Chaco";"hectáreas";"26213.1";"3559"
"2007";"Chubut";"hectáreas";"756.42";"47.1"
"2007";"Ciudad Autónoma de Buenos Aires";"hectáreas";"8.02";" -   "
"2007";"Córdoba";"hectáreas";"11369";"4371"
"2007";"Corrientes";"hectáreas";"569";"25"
"2007";"Entre Ríos";"hectáreas";"549.32";"79.5"
"2007";"Formosa";"hectáreas";"3056";"16"
"2007";"Jujuy";"hectáreas";"1498.24";"39.49"
"2007";"La Pampa";"hectáreas";"22255";"7156"
"2007";"La Rioja";"hectáreas";"200";"19"
"2007";"Mendoza";"hectáreas";"16167";"1671.6"
"2007";"Misiones";"hectáreas";"295.5";" -   "
"2007";"Neuquén";"hectáreas";"1153.77";"29.45"
"2007";"Río Negro";"hectáreas";"43544.83";"24.53"
"2007";"Salta";"hectáreas";"36809";"6993"
"2007";"San Juan";"hectáreas";"1346";" -   "
"2007";"San Luis";"hectáreas";"25660";"4884"
"2007";"Santa Cruz";"hectáreas";"9023.83";"2.1"
"2007";"Santa Fe";"hectáreas";"2794";"98"
"2007";"Santiago del Estero";"hectáreas";"4545";" -   "
"2007";"Tierra del Fuego";"hectáreas";"15.53";"1.85"
"2007";"Tucumán";"hectáreas";"861.6";"39.5"
"2008";"Buenos Aires";"hectáreas";"68824.37";"2083.26"
"2008";"Catamarca";"hectáreas";"12544.6";"2840"
"2008";"Chaco";"hectáreas";"2873";"718"
"2008";"Chubut";"hectáreas";"9286.78";"3459.09"
"2008";"Ciudad Autónoma de Buenos Aires";"hectáreas";"2.34";"0.3"
"2008";"Córdoba";"hectáreas";"61541.65";"15603"
"2008";"Corrientes";"hectáreas";"8053";"2880"
"2008";"Entre Ríos";"hectáreas";"77893.1";"2037.1"
"2008";"Formosa";"hectáreas";"4165";"30"
"2008";"Jujuy";"hectáreas";"2646.57";"190.93"
"2008";"La Pampa";"hectáreas";"97486";"41315"
"2008";"La Rioja";"hectáreas";"1016.6";"70.1"
"2008";"Mendoza";"hectáreas";"88526.5";"826.5"
"2008";"Misiones";"hectáreas";"1473.45";"83.1"
"2008";"Neuquén";"hectáreas";"872.37";"135.65"
"2008";"Río Negro";"hectáreas";"20348.51";"7.9"
"2008";"Salta";"hectáreas";"27391";"4428"
"2008";"San Juan";"hectáreas";"1122.75";"120"
"2008";"San Luis";"hectáreas";"24150";"3070"
"2008";"Santa Cruz";"hectáreas";"55298.9";"3.25"
"2008";"Santa Fe";"hectáreas";"5001";"234"
"2008";"Santiago del Estero";"hectáreas";"24633";" -   "
"2008";"Tierra del Fuego";"hectáreas";"7395.38";"4846.28"
"2008";"Tucumán";"hectáreas";"244.6";"19.5"
"2009";"Buenos Aires";"hectáreas";"34077.89";"10031.72"
"2009";"Catamarca";"hectáreas";"54253.4";"7604.95"
"2009";"Chaco";"hectáreas";"3442";"875"
"2009";"Chubut";"hectáreas";"367.83";"106.82"
"2009";"Ciudad Autónoma de Buenos Aires";"hectáreas";"65.47";"5"
"2009";"Córdoba";"hectáreas";"70247";"21884"
"2009";"Corrientes";"hectáreas";"15560";"545"
"2009";"Entre Ríos";"hectáreas";"804";" -   "
"2009";"Formosa";"hectáreas";"1378.31";" -   "
"2009";"Jujuy";"hectáreas";"1668.01";"334.36"
"2009";"La Pampa";"hectáreas";"24926";"12386"
"2009";"La Rioja";"hectáreas";"3980";"100"
"2009";"Mendoza";"hectáreas";"25295.75";"243.5"
"2009";"Misiones";"hectáreas";"1477.6";"248"
"2009";"Neuquén";"hectáreas";"209.47";"29.55"
"2009";"Río Negro";"hectáreas";"14753.95";"1321.61"
"2009";"Salta";"hectáreas";"35051";"4555"
"2009";"San Juan";"hectáreas";"1164.5";" -   "
"2009";"San Luis";"hectáreas";"486563";"37445"
"2009";"Santa Cruz";"hectáreas";"9848.2";"0"
"2009";"Santa Fe";"hectáreas";"3887";"22"
"2009";"Santiago del Estero";"hectáreas";"39540";"8090"
"2009";"Tierra del Fuego";"hectáreas";"35.39";"34.36"
"2009";"Tucumán";"hectáreas";"4993.25";"804"
"2010";"Buenos Aires";"hectáreas";"8670.64";"1450.5"
"2010";"Catamarca";"hectáreas";"15830.6";"564.18"
"2010";"Chaco";"hectáreas";"3917.03";"972.5"
"2010";"Chubut";"hectáreas";"1261.95";"175.61"
"2010";"Ciudad Autónoma de Buenos Aires";"hectáreas";"0.48";" -   "
"2010";"Córdoba";"hectáreas";"10305";"2233"
"2010";"Corrientes";"hectáreas";"820.42";" -   "
"2010";"Entre Ríos";"hectáreas";"1692.2";"801.5"
"2010";"Jujuy";"hectáreas";"27144.97";"24461"
"2010";"La Pampa";"hectáreas";"18391";"1360"
"2010";"La Rioja";"hectáreas";"29271";" -   "
"2010";"Mendoza";"hectáreas";"54196.05";"3712"
"2010";"Misiones";"hectáreas";"546";"3"
"2010";"Neuquén";"hectáreas";"595.24";"5.11"
"2010";"Río Negro";"hectáreas";"645.2";"8.28"
"2010";"Salta";"hectáreas";"3945";"379"
"2010";"San Juan";"hectáreas";"1087.25";" -   "
"2010";"San Luis";"hectáreas";"32325";"9780"
"2010";"Santa Cruz";"hectáreas";"40.75";"3.5"
"2010";"Santa Fe";"hectáreas";"2767";"18"
"2010";"Santiago del Estero";"hectáreas";"5395";"1050"
"2010";"Tierra del Fuego";"hectáreas";"5.96";"2.55"
"2011";"Buenos Aires";"hectáreas";"3354.03";"229.05"
"2011";"Catamarca";"hectáreas";"12723.35";"4165"
"2011";"Chaco";"hectáreas";"8848.06";"2526"
"2011";"Chubut";"hectáreas";"4169.14";"1236.29"
"2011";"Ciudad Autónoma de Buenos Aires";"hectáreas";"7.77";"1.43"
"2011";"Córdoba";"hectáreas";"71293";"24569"
"2011";"Corrientes";"hectáreas";"5876.2";" -   "
"2011";"Entre Ríos";"hectáreas";"2025";"34"
"2011";"Formosa";"hectáreas";"2414.9";"338.4"
"2011";"Jujuy";"hectáreas";"1342.43";"327.26"
"2011";"La Pampa";"hectáreas";"78022";"7300"
"2011";"La Rioja";"hectáreas";"1390";" -   "
"2011";"Mendoza";"hectáreas";"10907.65";"427.3"
"2011";"Misiones";"hectáreas";"502";"14.5"
"2011";"Neuquén";"hectáreas";"10682.69";"671.12"
"2011";"Río Negro";"hectáreas";"15354.72";"4.78"
"2011";"Salta";"hectáreas";"1909.4";"166.75"
"2011";"San Juan";"hectáreas";"20136";"20"
"2011";"San Luis";"hectáreas";"18600";"4218"
"2011";"Santa Cruz";"hectáreas";"62.64";"1.61"
"2011";"Santa Fe";"hectáreas";"2490.29";"61.7"
"2011";"Santiago del Estero";"hectáreas";"10953.62";"7388.29"
"2011";"Tierra del Fuego";"hectáreas";"96.62";"79.77"
"2012";"Buenos Aires";"hectáreas";"98.13";"0.3"
"2012";"Catamarca";"hectáreas";"4651.49";"3.6"
"2012";"Chaco";"hectáreas";"7770.9";"4317"
"2012";"Chubut";"hectáreas";"4698.38";"3305.65"
"2012";"Ciudad Autónoma de Buenos Aires";"hectáreas";"0.48";"0"
"2012";"Córdoba";"hectáreas";"11130";"4036"
"2012";"Corrientes";"hectáreas";"3556.82";" -   "
"2012";"Entre Ríos";"hectáreas";"2422.8";"1590.8"
"2012";"Formosa";"hectáreas";"5959.2";" -   "
"2012";"Jujuy";"hectáreas";"8674.78";"1503.47"
"2012";"La Pampa";"hectáreas";"30202";"14644"
"2012";"La Rioja";"hectáreas";"391";"6"
"2012";"Mendoza";"hectáreas";"7006.25";"259.6"
"2012";"Misiones";"hectáreas";"2143";"220"
"2012";"Neuquén";"hectáreas";"16057.55";"396.98"
"2012";"Río Negro";"hectáreas";"3093.47";"375.55"
"2012";"Salta";"hectáreas";"1797.57";"114.85"
"2012";"San Juan";"hectáreas";"635.5";"3"
"2012";"San Luis";"hectáreas";"50201";"5841"
"2012";"Santa Cruz";"hectáreas";"20499.02";"1000"
"2012";"Santa Fe";"hectáreas";"2530.5";"5"
"2012";"Santiago del Estero";"hectáreas";"8970";"5510"
"2012";"Tierra del Fuego";"hectáreas";"2575.85";"2575.18"
"2012";"Tucumán";"hectáreas";"1992";"58"
"2013";"Buenos Aires";"hectáreas";"1967.87";"37.9"
"2013";"Catamarca";"hectáreas";"6507.39";"158.85"
"2013";"Chaco";"hectáreas";"8852.02";"710"
"2013";"Chubut";"hectáreas";"106.92";"68.64"
"2013";"Ciudad Autónoma de Buenos Aires";"hectáreas";"32.33";" -   "
"2013";"Córdoba";"hectáreas";"105179";"25620"
"2013";"Corrientes";"hectáreas";"1103.21";"154"
"2013";"Entre Ríos";"hectáreas";"11840";"1185"
"2013";"Formosa";"hectáreas";"11292.77";"764"
"2013";"Jujuy";"hectáreas";"32041.78";"18307.62"
"2013";"La Pampa";"hectáreas";"83360";"44756"
"2013";"La Rioja";"hectáreas";"506";" -   "
"2013";"Mendoza";"hectáreas";"77017.95";"1776.3"
"2013";"Misiones";"hectáreas";"870";"8"
"2013";"Neuquén";"hectáreas";"2449.3";"1432.31"
"2013";"Río Negro";"hectáreas";"1732.12";"60.97"
"2013";"Salta";"hectáreas";"18146.14";" -   "
"2013";"San Juan";"hectáreas";"451.5";"80"
"2013";"San Luis";"hectáreas";"54693";"1617"
"2013";"Santa Cruz";"hectáreas";"1504.15";"1"
"2013";"Santa Fe";"hectáreas";"2478";"132"
"2013";"Santiago del Estero";"hectáreas";"6062";"3270"
"2013";"Tierra del Fuego";"hectáreas";"10.03";"2.76"
"2013";"Tucumán";"hectáreas";"6429";"104"
"2014";"Buenos Aires";"hectáreas";"66103.55";"4881.79"
"2014";"Catamarca";"hectáreas";"10366.62";"3.4"
"2014";"Chaco";"hectáreas";"5244.8";"72"
"2014";"Chubut";"hectáreas";"147.73";"1.03"
"2014";"Ciudad Autónoma de Buenos Aires";"hectáreas";"0.2";" -   "
"2014";"Córdoba";"hectáreas";"4196";" -   "
"2014";"Corrientes";"hectáreas";"1639.99";"54.23"
"2014";"Entre Ríos";"hectáreas";"1536";"517"
"2014";"Formosa";"hectáreas";"7820.89";"10.79"
"2014";"Jujuy";"hectáreas";"1447.73";"20.58"
"2014";"La Pampa";"hectáreas";"490635.4";"143008.8"
"2014";"La Rioja";"hectáreas";"1814";" -   "
"2014";"Mendoza";"hectáreas";"66156";"2809.5"
"2014";"Misiones";"hectáreas";"959";"32"
"2014";"Neuquén";"hectáreas";"626.67";"31.11"
"2014";"Río Negro";"hectáreas";"49373.68";"4.34"
"2014";"Salta";"hectáreas";"1614.99";"12"
"2014";"San Juan";"hectáreas";"566";" -   "
"2014";"San Luis";"hectáreas";"52493";"2530"
"2014";"Santa Cruz";"hectáreas";"277.02";"184.92"
"2014";"Santa Fe";"hectáreas";"739";" -   "
"2014";"Santiago del Estero";"hectáreas";"1471";"27"
"2014";"Tierra del Fuego";"hectáreas";"8.98";"0.54"
"2014";"Tucumán";"hectáreas";"120";" -   "
"2015";"Buenos Aires";"hectáreas";"5730.04";"172.5"
"2015";"Catamarca";"hectáreas";"10851.78";"8.44"
"2015";"Chaco";"hectáreas";"4219.5";"25"
"2015";"Chubut";"hectáreas";"40346.98";"26986.85"
"2015";"Ciudad Autónoma de Buenos Aires";"hectáreas";"6";" -   "
"2015";"Córdoba";"hectáreas";"1280";"720"
"2015";"Corrientes";"hectáreas";"12227";" -   "
"2015";"Entre Ríos";"hectáreas";"1530";"503"
"2015";"Formosa";"hectáreas";"794.44";"5.99"
"2015";"Jujuy";"hectáreas";"1908.35";"48.78"
"2015";"La Pampa";"hectáreas";"213804";"92782"
"2015";"La Rioja";"hectáreas";"511";" -   "
"2015";"Mendoza";"hectáreas";"19788.35";"1025.6"
"2015";"Misiones";"hectáreas";"378";" -   "
"2015";"Neuquén";"hectáreas";"20564.49";"1.03"
"2015";"Río Negro";"hectáreas";"105108.23";"47.22"
"2015";"Salta";"hectáreas";"1094.45";"34.47"
"2015";"San Juan";"hectáreas";"591.25";" -   "
"2015";"San Luis";"hectáreas";"33198";"3555"
"2015";"Santa Cruz";"hectáreas";"158.5";"0.5"
"2015";"Santa Fe";"hectáreas";"1177";"127"
"2015";"Santiago del Estero";"hectáreas";"1975";"591"
"2015";"Tierra del Fuego";"hectáreas";"5.36";"2.21"
"2015";"Tucumán";"hectáreas";"115.3";" -   "
"2016";"Buenos Aires";"hectáreas";"59295.89";"2058.6"
"2016";"Catamarca";"hectáreas";"27495.69";"1396.37"
"2016";"Chaco";"hectáreas";"9129.2";"15"
"2016";"Chubut";"hectáreas";"9552.33";"6327.3"
"2016";"Ciudad Autónoma de Buenos Aires";"hectáreas";"12629";" -   "
"2016";"Córdoba";"hectáreas";"3540.7";"316.7"
"2016";"Corrientes";"hectáreas";"9980";"1400"
"2016";"Entre Ríos";"hectáreas";"3030";"1126"
"2016";"Formosa";"hectáreas";"614.9";" -   "
"2016";"Jujuy";"hectáreas";"2010.16";"470.88"
"2016";"La Pampa";"hectáreas";"615182";"157249.9"
"2016";"La Rioja";"hectáreas";"334";" -   "
"2016";"Mendoza";"hectáreas";"93529.3";"4498.5"
"2016";"Misiones";"hectáreas";"2665";"30"
"2016";"Neuquén";"hectáreas";"38356.06";"37.91"
"2016";"Río Negro";"hectáreas";"60175.91";"67.07"
"2016";"Salta";"hectáreas";"4665.82";"310.56"
"2016";"San Juan";"hectáreas";"2099.5";" -   "
"2016";"San Luis";"hectáreas";"97861";"123"
"2016";"Santa Cruz";"hectáreas";"1035.63";"31.4"
"2016";"Santa Fe";"hectáreas";"1107";"102"
"2016";"Santiago del Estero";"hectáreas";"1675";"34"
"2016";"Tierra del Fuego";"hectáreas";"10.02";"5.1"
"2016";"Tucumán";"hectáreas";"90";" -   "
"2017";"Buenos Aires";"hectáreas";"7696.47";"231.37"
"2017";"Catamarca";"hectáreas";"45170.12";"0.83"
"2017";"Chaco";"hectáreas";"4923.99";"1243"
"2017";"Chubut";"hectáreas";"521.44";"186.66"
"2017";"Ciudad Autónoma de Bs As";"hectáreas";"0";" -   "
"2017";"Córdoba";"hectáreas";"45343.4";"11922.2"
"2017";"Corrientes";"hectáreas";"2388.39";"256.03"
"2017";"Entre Ríos";"hectáreas";"372";"47"
"2017";"Formosa";"hectáreas";"1342.63";" -   "
"2017";"Jujuy";"hectáreas";"2105.63";"584.01"
"2017";"La Pampa";"hectáreas";"964407.5";"455174.8"
"2017";"La Rioja";"hectáreas";"734";" -   "
"2017";"Mendoza";"hectáreas";"418798.8";"78524"
"2017";"Misiones";"hectáreas";"1775";" -   "
"2017";"Neuquén";"hectáreas";"6787.27";"228"
"2017";"Río Negro";"hectáreas";"61076.46";"5.54"
"2017";"Salta";"hectáreas";"4477.39";"101.8"
"2017";"San Juan";"hectáreas";"12021.5";" -   "
"2017";"San Luis";"hectáreas";"39";" -   "
"2017";"Santa Cruz";"hectáreas";"303.2";" -   "
"2017";"Santa Fe";"hectáreas";"1303";"75"
"2017";"Santiago del Estero";"hectáreas";"1784";"10"
"2017";"Tierra del Fuego";"hectáreas";"5.21";"1.57"
"2017";"Tucumán";"hectáreas";"178.25";"21.46"
"2018";"Buenos Aires";"hectáreas";"86851.72";"2419.19"
"2018";"Catamarca";"hectáreas";"6992.88";"70.62"
"2018";"Chaco";"hectáreas";"3067.45";"78.9"
"2018";"Chubut";"hectáreas";"100.44";"2.2"
"2018";"Ciudad Autónoma de Buenos Aires";"hectáreas";"0.04";" -   "
"2018";"Córdoba";"hectáreas";"20826.31";"2549"
"2018";"Corrientes";"hectáreas";"434.01";"48.5"
"2018";"Entre Ríos";"hectáreas";"4899";"3369"
"2018";"Formosa";"hectáreas";"550.65";" -   "
"2018";"Jujuy";"hectáreas";"841.76";"134.45"
"2018";"La Pampa";"hectáreas";"723261.9";"228359.65"
"2018";"La Rioja";"hectáreas";"303";" -   "
"2018";"Mendoza";"hectáreas";"126315.5";"8672.2"
"2018";"Misiones";"hectáreas";"765.5";" -   "
"2018";"Neuquén";"hectáreas";"2825.54";"1046.4"
"2018";"Parques Nacionales";"hectáreas";"33281.3";"72.07"
"2018";"Río Negro";"hectáreas";"4688.1";"68.98"
"2018";"Salta";"hectáreas";"1306.01";" -   "
"2018";"San Juan";"hectáreas";"565.5";"10.5"
"2018";"San Luis";"hectáreas";"39";" -   "
"2018";"Santa Fe";"hectáreas";"1686";"116"
"2018";"Tierra del Fuego";"hectáreas";"2.75";"0.04"
"2018";"Tucumán";"hectáreas";"1801.86";"0.4"
"2019";"Buenos Aires";"hectáreas";"301588.4";"44"
"2019";"Catamarca";"hectáreas";"11.805.887";"50.6"
"2019";"Chubut";"hectáreas";"4253.62";"10.3"
"2019";"Ciudad Autónoma de ";"hectáreas";"0.06";"0"
"2019";"Córdoba";"hectáreas";"20935.97";"2774.8"
"2019";"Corrientes";"hectáreas";"476.6";"147.1"
"2019";"Entre Ríos";"hectáreas";"953";"73"
"2019";"Formosa";"hectáreas";"2744.5";"0"
"2019";"Jujuy";"hectáreas";"5328.51";"1031.64"
"2019";"La Pampa";"hectáreas";"169229.8";"99181.85"
"2019";"La Rioja";"hectáreas";"34";"0"
"2019";"Mendoza";"hectáreas";"59872.5";"3354.35"
"2019";"Misiones";"hectáreas";"798.5";"44.5"
"2019";"Río Negro";"hectáreas";"388.15";"66.34"
"2019";"Salta";"hectáreas";"1155.73";"0"
"2019";"San Juan";"hectáreas";"1099.04";"21"
"2019";"San Luis";"hectáreas";"68110.5";"68110.5"
"2019";"Santa Cruz";"hectáreas";"5166";"0"
"2019";"Santa Fe";"hectáreas";"1164";"30"
"2019";"Santiago del Estero";"hectáreas";"1997";"0"
"2019";"Tierra del Fuego";"hectáreas";"188.79";"924.595"
"2020";"Buenos Aires";"hectáreas";"144029";"36"
"2020";"Catamarca";"hectáreas";"21609.7";"15.94"
"2020";"Chaco";"hectáreas";"27931.74";"0"
"2020";"Chubut";"hectáreas";"930.68";"6.05"
"2020";"Ciudad Autónoma de Buenos Aires";"hectáreas";"9.11";"0"
"2020";"Córdoba";"hectáreas";"208442.78";"45996.85"
"2020";"Entre Ríos";"hectáreas";"321603.9";"306"
"2020";"Formosa";"hectáreas";"73769.58";"0"
"2020";"Jujuy";"hectáreas";"38908.54";"30439.56"
"2020";"La Pampa";"hectáreas";"91977.82";"17444.9"
"2020";"La Rioja";"hectáreas";"2398.29";"0"
"2020";"Mendoza";"hectáreas";"35739.7";"4854.4"
"2020";"Misiones";"hectáreas";"2728";"443"
"2020";"Neuquén";"hectáreas";"25877.61";"0.575"
"2020";"Río Negro";"hectáreas";"162.33";"9.79"
"2020";"Salta";"hectáreas";"43593.5";"196.15"
"2020";"San Juan";"hectáreas";"1352";"18"
"2020";"San Luis";"hectáreas";"113836.79";"40932.9"
"2020";"Santa Cruz";"hectáreas";"503.8";"0"
"2020";"Santa Fé";"hectáreas";"1284";"1"
"2020";"Santiago del Estero";"hectáreas";"4327";"3"
"2020";"Tierra del Fuego";"hectáreas";"1.42";"1.421"
"2020";"Tucumán";"hectáreas";"11384.06";"548.4"
"2021";"Buenos Aires";"hectáreas";"7092.84";"45"
"2021";"Catamarca";"hectáreas";"13783.2";"2010.41"
"2021";"Chaco";"hectáreas";"3096.9";"306"
"2021";"Chubut";"hectáreas";"3520.92";"26.1"
"2021";"Ciudad Autónoma de ";"hectáreas";"0";"0"
"2021";"Córdoba";"hectáreas";"63354.2";"32062.5"
"2021";"Corrientes";"hectáreas";"8897.35";"0"
"2021";"Entre Ríos";"hectáreas";"138793";"117"
"2021";"Formosa";"hectáreas";"340562.8";"0"
"2021";"Jujuy";"hectáreas";"6271.03";"3296.2"
"2021";"La Pampa";"hectáreas";"33489.87";"8884.95"
"2021";"La Rioja";"hectáreas";"21137.04";"7007.01"
"2021";"Mendoza";"hectáreas";"3119.1";"27"
"2021";"Misiones";"hectáreas";"1519";"251"
"2021";"Neuquén";"hectáreas";"5848.28";"1415.29"
"2021";"Río Negro";"hectáreas";"103.69";"0.97"
"2021";"Salta";"hectáreas";"12430.72";"0.31"
"2021";"San Juan";"hectáreas";"710.28";"0"
"2021";"San Luis";"hectáreas";"51872.5";"61.1"
"2021";"Santa Cruz";"hectáreas";"5398.51";"106.6"
"2021";"Santa Fe";"hectáreas";"185";"102.5"
"2021";"Santiago del Estero";"hectáreas";"2219";"60"
"2021";"Tierra del Fuego";"hectáreas";"82.03";"5.76"
"2021";"Tucumán";"hectáreas";"3454.56";"188.23"